Title,Year,RT_CriticScore,RT_AudienceScore,Genres,Director,Runtime,RT_Link
Stagecoach,1939,100,86.0,western,John Ford,1h 36m,http://www.rottentomatoes.com/m/1019774-stagecoach
Singin' in the Rain,1952,100,95.0,"comedy, musical","Stanley Donen, Gene Kelly",1h 42m,http://www.rottentomatoes.com/m/singin_in_the_rain
Rio Bravo,1959,100,91.0,western,Howard Hawks,2h 21m,http://www.rottentomatoes.com/m/rio_bravo
Toy Story,1995,100,92.0,"adventure, kids and family, comedy, animation, fantasy",John Lasseter,1h 20m,http://www.rottentomatoes.com/m/toy_story
Pinocchio,1940,100,73.0,"kids and family, animation, fantasy","Ben Sharpsteen, Hamilton Luske",1h 27m,http://www.rottentomatoes.com/m/pinocchio_1940
Top Hat,1935,100,91.0,"romance, musical",Mark Sandrich,1h 39m,http://www.rottentomatoes.com/m/top_hat
The Treasure of the Sierra Madre,1948,100,93.0,"western, adventure, drama",John Huston,2h 4m,http://www.rottentomatoes.com/m/treasure_of_the_sierra_madre
Afghan Star,2009,100,77.0,documentary,Havana Marking,1h 28m,http://www.rottentomatoes.com/m/afghan_star
The Taking of Pelham One Two Three,1974,100,88.0,"mystery and thriller, crime, action, drama",Joseph Sargent,1h 44m,http://www.rottentomatoes.com/m/the_taking_of_pelham_one_two_three
The Terminator,1984,100,89.0,"mystery and thriller, sci fi, action",James Cameron,1h 48m,http://www.rottentomatoes.com/m/terminator
Athlete A,2020,100,93.0,documentary,"Bonni Cohen, Jon Shenk",1h 43m,http://www.rottentomatoes.com/m/athlete_a
Seven Samurai,1954,100,97.0,action,Akira Kurosawa,3h 28m,http://www.rottentomatoes.com/m/seven_samurai_1956
Minding the Gap,2018,100,92.0,documentary,Bing Liu,1h 33m,http://www.rottentomatoes.com/m/minding_the_gap
Man on Wire,2008,100,87.0,documentary,James Marsh,1h 30m,http://www.rottentomatoes.com/m/man_on_wire
Frankenstein,1931,100,87.0,horror,James Whale,1h 11m,http://www.rottentomatoes.com/m/1007818-frankenstein
The Taking of Pelham One Two Three,1974,100,88.0,"mystery and thriller, crime, action, drama",Joseph Sargent,1h 44m,http://www.rottentomatoes.com/m/the_taking_of_pelham_one_two_three
Stop Making Sense,1984,100,98.0,"music, documentary",Jonathan Demme,1h 28m,http://www.rottentomatoes.com/m/stop_making_sense
The Maltese Falcon,1941,100,91.0,"crime, drama",John Huston,1h 40m,http://www.rottentomatoes.com/m/1013139-maltese_falcon
Shadow of a Doubt,1943,100,89.0,"crime, drama, mystery and thriller",Alfred Hitchcock,1h 48m,http://www.rottentomatoes.com/m/1018688-shadow_of_a_doubt
The 400 Blows,1959,100,94.0,"crime, drama",François Truffaut,1h 33m,http://www.rottentomatoes.com/m/400_blows
12 Angry Men,1957,100,97.0,drama,Sidney Lumet,1h 35m,http://www.rottentomatoes.com/m/1000013_12_angry_men
Toy Story 2,1999,100,87.0,"comedy, fantasy, animation, kids and family, adventure","Ash Brannon, John Lasseter, Lee Unkrich",1h 32m,http://www.rottentomatoes.com/m/toy_story_2
Pinocchio,1940,100,73.0,"kids and family, animation, fantasy","Ben Sharpsteen, Hamilton Luske",1h 27m,http://www.rottentomatoes.com/m/pinocchio_1940
Toy Story 2,1999,100,87.0,"comedy, fantasy, animation, kids and family, adventure","Ash Brannon, John Lasseter, Lee Unkrich",1h 32m,http://www.rottentomatoes.com/m/toy_story_2
Seymour: An Introduction,2014,100,78.0,documentary,Ethan Hawke,1h 21m,http://www.rottentomatoes.com/m/seymour_an_introduction
The Square,2013,100,90.0,documentary,Jehane Noujaim,1h 44m,http://www.rottentomatoes.com/m/the_square_2013
All In: The Fight for Democracy,2020,100,72.0,documentary,"Lisa Cortes, Liz Garbus",1h 42m,http://www.rottentomatoes.com/m/all_in_the_fight_for_democracy
Shirkers,2018,100,78.0,documentary,Sandi Tan,1h 36m,http://www.rottentomatoes.com/m/shirkers
Taxi to the Dark Side,2007,100,90.0,"crime, drama, war, documentary",Alex Gibney,1h 46m,http://www.rottentomatoes.com/m/taxi_to_the_dark_side
Tampopo,1985,100,93.0,comedy,Juzo Itami,1h 54m,http://www.rottentomatoes.com/m/tampopo
His House,2020,100,75.0,"mystery and thriller, horror",Remi Weekes,1h 33m,http://www.rottentomatoes.com/m/his_house
Anatomy of a Murder,1959,100,90.0,"crime, drama, mystery and thriller",Otto Preminger,2h 40m,http://www.rottentomatoes.com/m/anatomy-of-a-murder
Only Yesterday,1991,100,85.0,"drama, anime",Isao Takahata,1h 58m,http://www.rottentomatoes.com/m/only_yesterday_1991
Henry V,1989,100,89.0,"drama, history",Kenneth Branagh,2h 17m,http://www.rottentomatoes.com/m/1029042-henry_v
Paddington 2,2017,100,88.0,"kids and family, comedy, adventure",Paul King,1h 43m,http://www.rottentomatoes.com/m/paddington_2
Henry V,1989,100,89.0,"drama, history",Kenneth Branagh,2h 17m,http://www.rottentomatoes.com/m/1029042-henry_v
Pinocchio,1940,100,73.0,"kids and family, animation, fantasy","Ben Sharpsteen, Hamilton Luske",1h 27m,http://www.rottentomatoes.com/m/pinocchio_1940
Before Sunrise,1995,100,93.0,romance,Richard Linklater,1h 41m,http://www.rottentomatoes.com/m/before_sunrise
Toy Story,1995,100,92.0,"adventure, kids and family, comedy, animation, fantasy",John Lasseter,1h 20m,http://www.rottentomatoes.com/m/toy_story
Three Colors: Red,1994,100,94.0,drama,Krzysztof Kieslowski,1h 39m,http://www.rottentomatoes.com/m/1058966-red
Strong Island,2017,100,57.0,documentary,Yance Ford,1h 47m,http://www.rottentomatoes.com/m/strong_island
Afghan Star,2009,100,77.0,documentary,Havana Marking,1h 28m,http://www.rottentomatoes.com/m/afghan_star
Slay the Dragon,2019,100,72.0,documentary,"Chris Durrance, Barak Goodman",1h 41m,http://www.rottentomatoes.com/m/slay_the_dragon
Waste Land,2010,100,90.0,documentary,"Lucy Walker, Karen Harley, João Jardim",1h 38m,http://www.rottentomatoes.com/m/waste-land
Bright Lights: Starring Carrie Fisher and Debbie Reynolds,2016,100,86.0,documentary,"Alexis Bloom, Fisher Stevens",1h 35m,http://www.rottentomatoes.com/m/bright_lights_starring_carrie_fisher_and_debbie_reynolds
Athlete A,2020,100,93.0,documentary,"Bonni Cohen, Jon Shenk",1h 43m,http://www.rottentomatoes.com/m/athlete_a
Deliver Us From Evil,2006,100,89.0,"crime, drama, documentary",Amy Berg,1h 43m,http://www.rottentomatoes.com/m/deliver_us_from_evil
Mucho Mucho Amor: The Legend of Walter Mercado,2020,100,93.0,documentary,"Cristina Constantini, Kareem Tabsch",1h 36m,http://www.rottentomatoes.com/m/mucho_mucho_amor
The Kid,1921,100,95.0,"comedy, drama",Charlie Chaplin,1h,http://www.rottentomatoes.com/m/1052609-kid
Singin' in the Rain,1952,100,95.0,"comedy, musical","Stanley Donen, Gene Kelly",1h 42m,http://www.rottentomatoes.com/m/singin_in_the_rain
Host,2020,100,72.0,"horror, mystery and thriller",Rob Savage,57m,http://www.rottentomatoes.com/m/host_2020
The Wages of Fear,1953,100,95.0,mystery and thriller,Henri-Georges Clouzot,2h 36m,http://www.rottentomatoes.com/m/wages_of_fear
Kind Hearts and Coronets,1949,100,94.0,"comedy, crime, drama",Robert Hamer,1h 44m,http://www.rottentomatoes.com/m/kind_hearts_and_coronets
The Treasure of the Sierra Madre,1948,100,93.0,"western, adventure, drama",John Huston,2h 4m,http://www.rottentomatoes.com/m/treasure_of_the_sierra_madre
Stalker,1979,100,93.0,"sci fi, adventure",Andrei Tarkovsky,2h 43m,http://www.rottentomatoes.com/m/1043378-stalker
Singin' in the Rain,1952,100,95.0,"comedy, musical","Stanley Donen, Gene Kelly",1h 42m,http://www.rottentomatoes.com/m/singin_in_the_rain
Only Yesterday,1991,100,85.0,"drama, anime",Isao Takahata,1h 58m,http://www.rottentomatoes.com/m/only_yesterday_1991
The Gold Rush,1925,100,93.0,"drama, comedy, adventure",Charles Chaplin,1h 22m,http://www.rottentomatoes.com/m/the_gold_rush
Kind Hearts and Coronets,1949,100,94.0,"comedy, crime, drama",Robert Hamer,1h 44m,http://www.rottentomatoes.com/m/kind_hearts_and_coronets
The Lady Eve,1941,100,87.0,romance,Preston Sturges,1h 37m,http://www.rottentomatoes.com/m/lady_eve
Toy Story 2,1999,100,87.0,"comedy, fantasy, animation, kids and family, adventure","Ash Brannon, John Lasseter, Lee Unkrich",1h 32m,http://www.rottentomatoes.com/m/toy_story_2
The Philadelphia Story,1940,100,93.0,romance,George Cukor,1h 52m,http://www.rottentomatoes.com/m/philadelphia_story
Top Hat,1935,100,91.0,"romance, musical",Mark Sandrich,1h 39m,http://www.rottentomatoes.com/m/top_hat
Paddington 2,2017,100,88.0,"kids and family, comedy, adventure",Paul King,1h 43m,http://www.rottentomatoes.com/m/paddington_2
Rio Bravo,1959,100,91.0,western,Howard Hawks,2h 21m,http://www.rottentomatoes.com/m/rio_bravo
Modern Times,1936,100,95.0,comedy,Charlie Chaplin,1h 29m,http://www.rottentomatoes.com/m/modern_times
Toy Story,1995,100,92.0,"adventure, kids and family, comedy, animation, fantasy",John Lasseter,1h 20m,http://www.rottentomatoes.com/m/toy_story
Paddington 2,2017,100,88.0,"kids and family, comedy, adventure",Paul King,1h 43m,http://www.rottentomatoes.com/m/paddington_2
Afghan Star,2009,100,77.0,documentary,Havana Marking,1h 28m,http://www.rottentomatoes.com/m/afghan_star
Waste Land,2010,100,90.0,documentary,"Lucy Walker, Karen Harley, João Jardim",1h 38m,http://www.rottentomatoes.com/m/waste-land
Stop Making Sense,1984,100,98.0,"music, documentary",Jonathan Demme,1h 28m,http://www.rottentomatoes.com/m/stop_making_sense
Potemkin,1925,100,86.0,"mystery and thriller, drama, history",S. M. Eisenstein,1h 7m,http://www.rottentomatoes.com/m/battleship_potemkin
Everyday Sunshine: The Story of Fishbone,2010,100,85.0,"music, documentary","Lev Anderson, Chris Metzler",1h 47m,http://www.rottentomatoes.com/m/everyday_sunshine_the_story_of_fishbone_2011
Nostalgia for the Light,2010,100,84.0,documentary,Patricio Guzmán,1h 30m,http://www.rottentomatoes.com/m/nostalgia_for_the_light
More Than Honey,2012,100,79.0,documentary,Markus Imhoof,1h 35m,http://www.rottentomatoes.com/m/more_than_honey
Last Train Home,2009,100,87.0,documentary,Lixin Fan,1h 25m,http://www.rottentomatoes.com/m/last_train_home-2009
My Journey Through French Cinema,2016,100,53.0,documentary,Bertrand Tavernier,3h 15m,http://www.rottentomatoes.com/m/my_journey_through_french_cinema
Sound City,2013,100,90.0,"music, documentary",David Grohl,1h 48m,http://www.rottentomatoes.com/m/sound_city
Welcome to Chechnya,2020,100,86.0,"gay and lesbian, documentary",David France,1h 47m,http://www.rottentomatoes.com/m/welcome_to_chechnya
Rewind,2019,100,97.0,"drama, documentary",Sasha Joseph Neulinger,1h 26m,http://www.rottentomatoes.com/m/rewind_2020
"Mr. Death: The Rise and Fall of Fred A. Leuchter, Jr.",1999,100,87.0,documentary,Errol Morris,1h 30m,http://www.rottentomatoes.com/m/mr_death_the_rise_and_fall_of_fred_a_leuchter_jr
Leave No Trace,2018,100,81.0,drama,Debra Granik,1h 48m,http://www.rottentomatoes.com/m/leave_no_trace
Rebecca,1940,100,92.0,mystery and thriller,Alfred Hitchcock,2h 10m,http://www.rottentomatoes.com/m/1017293-rebecca
Kind Hearts and Coronets,1949,100,94.0,"comedy, crime, drama",Robert Hamer,1h 44m,http://www.rottentomatoes.com/m/kind_hearts_and_coronets
Anatomy of a Murder,1959,100,90.0,"crime, drama, mystery and thriller",Otto Preminger,2h 40m,http://www.rottentomatoes.com/m/anatomy-of-a-murder
Cool Hand Luke,1967,100,95.0,drama,Stuart Rosenberg,2h 9m,http://www.rottentomatoes.com/m/cool_hand_luke
Stagecoach,1939,100,86.0,western,John Ford,1h 36m,http://www.rottentomatoes.com/m/1019774-stagecoach
12 Angry Men,1957,100,97.0,drama,Sidney Lumet,1h 35m,http://www.rottentomatoes.com/m/1000013_12_angry_men
The Philadelphia Story,1940,100,93.0,romance,George Cukor,1h 52m,http://www.rottentomatoes.com/m/philadelphia_story
Top Hat,1935,100,91.0,"romance, musical",Mark Sandrich,1h 39m,http://www.rottentomatoes.com/m/top_hat
Seven Samurai,1954,100,97.0,action,Akira Kurosawa,3h 28m,http://www.rottentomatoes.com/m/seven_samurai_1956
Shadow of a Doubt,1943,100,89.0,"crime, drama, mystery and thriller",Alfred Hitchcock,1h 48m,http://www.rottentomatoes.com/m/1018688-shadow_of_a_doubt
Laura,1944,100,91.0,mystery and thriller,Otto Preminger,1h 28m,http://www.rottentomatoes.com/m/1012007-laura
The Last Picture Show,1971,100,90.0,drama,Peter Bogdanovich,1h 58m,http://www.rottentomatoes.com/m/last_picture_show
The Gold Rush,1925,100,93.0,"drama, comedy, adventure",Charles Chaplin,1h 22m,http://www.rottentomatoes.com/m/the_gold_rush
The Grapes of Wrath,1940,100,88.0,drama,John Ford,2h 9m,http://www.rottentomatoes.com/m/grapes_of_wrath
Frankenstein,1931,100,87.0,horror,James Whale,1h 11m,http://www.rottentomatoes.com/m/1007818-frankenstein
Last Train Home,2009,100,87.0,documentary,Lixin Fan,1h 25m,http://www.rottentomatoes.com/m/last_train_home-2009
Grave of the Fireflies,1988,100,95.0,"drama, war, anime",Isao Takahata,1h 28m,http://www.rottentomatoes.com/m/grave_of_the_fireflies
"Mr. Death: The Rise and Fall of Fred A. Leuchter, Jr.",1999,100,87.0,documentary,Errol Morris,1h 30m,http://www.rottentomatoes.com/m/mr_death_the_rise_and_fall_of_fred_a_leuchter_jr
Afghan Star,2009,100,77.0,documentary,Havana Marking,1h 28m,http://www.rottentomatoes.com/m/afghan_star
The Square,2013,100,90.0,documentary,Jehane Noujaim,1h 44m,http://www.rottentomatoes.com/m/the_square_2013
The Lady Eve,1941,100,87.0,romance,Preston Sturges,1h 37m,http://www.rottentomatoes.com/m/lady_eve
Sholem Aleichem: Laughing in the Darkness,2011,100,68.0,documentary,Joseph Dorman,1h 33m,http://www.rottentomatoes.com/m/sholem_aleichem_laughing_in_the_darkness_2011
We Were Here,2011,100,86.0,"history, documentary, gay and lesbian, drama, biography","David Weissman, Bill Weber",1h 30m,http://www.rottentomatoes.com/m/we_were_here_voices_from_the_aids_years_in_san_francisco
The Treasure of the Sierra Madre,1948,100,93.0,"western, adventure, drama",John Huston,2h 4m,http://www.rottentomatoes.com/m/treasure_of_the_sierra_madre
The 400 Blows,1959,100,94.0,"crime, drama",François Truffaut,1h 33m,http://www.rottentomatoes.com/m/400_blows
The Maltese Falcon,1941,100,91.0,"crime, drama",John Huston,1h 40m,http://www.rottentomatoes.com/m/1013139-maltese_falcon
Shadow of a Doubt,1943,100,89.0,"crime, drama, mystery and thriller",Alfred Hitchcock,1h 48m,http://www.rottentomatoes.com/m/1018688-shadow_of_a_doubt
Laura,1944,100,91.0,mystery and thriller,Otto Preminger,1h 28m,http://www.rottentomatoes.com/m/1012007-laura
The Adventures of Robin Hood,1938,100,89.0,"action, adventure","Michael Curtiz, William Keighley",1h 42m,http://www.rottentomatoes.com/m/1000355-adventures_of_robin_hood
The Kid,1921,100,95.0,"comedy, drama",Charlie Chaplin,1h,http://www.rottentomatoes.com/m/1052609-kid
Singin' in the Rain,1952,100,95.0,"comedy, musical","Stanley Donen, Gene Kelly",1h 42m,http://www.rottentomatoes.com/m/singin_in_the_rain
Modern Times,1936,100,95.0,comedy,Charlie Chaplin,1h 29m,http://www.rottentomatoes.com/m/modern_times
Rebecca,1940,100,92.0,mystery and thriller,Alfred Hitchcock,2h 10m,http://www.rottentomatoes.com/m/1017293-rebecca
Taxi to the Dark Side,2007,100,90.0,"crime, drama, war, documentary",Alex Gibney,1h 46m,http://www.rottentomatoes.com/m/taxi_to_the_dark_side
Sholem Aleichem: Laughing in the Darkness,2011,100,68.0,documentary,Joseph Dorman,1h 33m,http://www.rottentomatoes.com/m/sholem_aleichem_laughing_in_the_darkness_2011
Everyday Sunshine: The Story of Fishbone,2010,100,85.0,"music, documentary","Lev Anderson, Chris Metzler",1h 47m,http://www.rottentomatoes.com/m/everyday_sunshine_the_story_of_fishbone_2011
Sound City,2013,100,90.0,"music, documentary",David Grohl,1h 48m,http://www.rottentomatoes.com/m/sound_city
Nostalgia for the Light,2010,100,84.0,documentary,Patricio Guzmán,1h 30m,http://www.rottentomatoes.com/m/nostalgia_for_the_light
Afghan Star,2009,100,77.0,documentary,Havana Marking,1h 28m,http://www.rottentomatoes.com/m/afghan_star
The Taste of Others,2000,100,82.0,comedy,Agnès Jaoui,1h 52m,http://www.rottentomatoes.com/m/the_taste_of_others
M,1931,100,95.0,"drama, mystery and thriller, crime",Fritz Lang,1h 39m,http://www.rottentomatoes.com/m/1012928-m
Pinocchio,1940,100,73.0,"kids and family, animation, fantasy","Ben Sharpsteen, Hamilton Luske",1h 27m,http://www.rottentomatoes.com/m/pinocchio_1940
Poetry,2010,100,86.0,drama,Chang-dong Lee,2h 19m,http://www.rottentomatoes.com/m/poetry_2010
Still Walking,2008,100,90.0,drama,Hirokazu Koreeda,1h 54m,http://www.rottentomatoes.com/m/1216014-still_walking
Rebecca,1940,100,92.0,mystery and thriller,Alfred Hitchcock,2h 10m,http://www.rottentomatoes.com/m/1017293-rebecca
The Grapes of Wrath,1940,100,88.0,drama,John Ford,2h 9m,http://www.rottentomatoes.com/m/grapes_of_wrath
Tokyo Story,1953,100,93.0,drama,Yasujirô Ozu,2h 14m,http://www.rottentomatoes.com/m/tokyo_story
A Secret Love,2020,100,91.0,"gay and lesbian, drama, documentary",Chris Bolan,1h 23m,http://www.rottentomatoes.com/m/a_secret_love
Frankenstein,1931,100,87.0,horror,James Whale,1h 11m,http://www.rottentomatoes.com/m/1007818-frankenstein
The Lady Eve,1941,100,87.0,romance,Preston Sturges,1h 37m,http://www.rottentomatoes.com/m/lady_eve
The Philadelphia Story,1940,100,93.0,romance,George Cukor,1h 52m,http://www.rottentomatoes.com/m/philadelphia_story
Top Hat,1935,100,91.0,"romance, musical",Mark Sandrich,1h 39m,http://www.rottentomatoes.com/m/top_hat
The Adventures of Robin Hood,1938,100,89.0,"action, adventure","Michael Curtiz, William Keighley",1h 42m,http://www.rottentomatoes.com/m/1000355-adventures_of_robin_hood
The Terminator,1984,100,89.0,"mystery and thriller, sci fi, action",James Cameron,1h 48m,http://www.rottentomatoes.com/m/terminator
Waste Land,2010,100,90.0,documentary,"Lucy Walker, Karen Harley, João Jardim",1h 38m,http://www.rottentomatoes.com/m/waste-land
Tampopo,1985,100,93.0,comedy,Juzo Itami,1h 54m,http://www.rottentomatoes.com/m/tampopo
Last Train Home,2009,100,87.0,documentary,Lixin Fan,1h 25m,http://www.rottentomatoes.com/m/last_train_home-2009
Fireworks Wednesday,2006,100,84.0,drama,Asghar Farhadi,1h 44m,http://www.rottentomatoes.com/m/fireworks_wednesday
Gett: The Trial of Viviane Amsalem,2014,100,81.0,drama,"Ronit Elkabetz, Shlomi Elkabetz",1h 55m,http://www.rottentomatoes.com/m/gett_the_trial_of_viviane_amsalem
Grave of the Fireflies,1988,100,95.0,"drama, war, anime",Isao Takahata,1h 28m,http://www.rottentomatoes.com/m/grave_of_the_fireflies
Balthazar,1966,100,86.0,drama,Robert Bresson,1h 30m,http://www.rottentomatoes.com/m/balthazar
Nights of Cabiria,1957,100,94.0,drama,Federico Fellini,1h 50m,http://www.rottentomatoes.com/m/nights_of_cabiria
Open City,1945,100,92.0,drama,Roberto Rossellini,1h 45m,http://www.rottentomatoes.com/m/open_city
Three Colors: Red,1994,100,94.0,drama,Krzysztof Kieslowski,1h 39m,http://www.rottentomatoes.com/m/1058966-red
Stalker,1979,100,93.0,"sci fi, adventure",Andrei Tarkovsky,2h 43m,http://www.rottentomatoes.com/m/1043378-stalker
Stalker,1979,100,93.0,"sci fi, adventure",Andrei Tarkovsky,2h 43m,http://www.rottentomatoes.com/m/1043378-stalker
Man on Wire,2008,100,87.0,documentary,James Marsh,1h 30m,http://www.rottentomatoes.com/m/man_on_wire
Frankenstein,1931,100,87.0,horror,James Whale,1h 11m,http://www.rottentomatoes.com/m/1007818-frankenstein
The Wages of Fear,1953,100,95.0,mystery and thriller,Henri-Georges Clouzot,2h 36m,http://www.rottentomatoes.com/m/wages_of_fear
Potemkin,1925,100,86.0,"mystery and thriller, drama, history",S. M. Eisenstein,1h 7m,http://www.rottentomatoes.com/m/battleship_potemkin
Tokyo Story,1953,100,93.0,drama,Yasujirô Ozu,2h 14m,http://www.rottentomatoes.com/m/tokyo_story
The 400 Blows,1959,100,94.0,"crime, drama",François Truffaut,1h 33m,http://www.rottentomatoes.com/m/400_blows
M,1931,100,95.0,"drama, mystery and thriller, crime",Fritz Lang,1h 39m,http://www.rottentomatoes.com/m/1012928-m
The Tale of the Princess Kaguya,2013,100,90.0,"fantasy, anime",Isao Takahata,2h 17m,http://www.rottentomatoes.com/m/the_tale_of_the_princess_kaguya
Seven Samurai,1954,100,97.0,action,Akira Kurosawa,3h 28m,http://www.rottentomatoes.com/m/seven_samurai_1956
Only Yesterday,1991,100,85.0,"drama, anime",Isao Takahata,1h 58m,http://www.rottentomatoes.com/m/only_yesterday_1991
Seven Samurai,1954,100,97.0,action,Akira Kurosawa,3h 28m,http://www.rottentomatoes.com/m/seven_samurai_1956
The Adventures of Robin Hood,1938,100,89.0,"action, adventure","Michael Curtiz, William Keighley",1h 42m,http://www.rottentomatoes.com/m/1000355-adventures_of_robin_hood
M,1931,100,95.0,"drama, mystery and thriller, crime",Fritz Lang,1h 39m,http://www.rottentomatoes.com/m/1012928-m
Stalker,1979,100,93.0,"sci fi, adventure",Andrei Tarkovsky,2h 43m,http://www.rottentomatoes.com/m/1043378-stalker
Dick Johnson Is Dead,2020,100,78.0,documentary,Kirsten Johnson,1h 29m,http://www.rottentomatoes.com/m/dick_johnson_is_dead
Crip Camp,2020,100,91.0,documentary,"Jim LeBrecht, Nicole Newnham",1h 47m,http://www.rottentomatoes.com/m/crip_camp_a_disability_revolution
Rio Bravo,1959,100,91.0,western,Howard Hawks,2h 21m,http://www.rottentomatoes.com/m/rio_bravo
Stagecoach,1939,100,86.0,western,John Ford,1h 36m,http://www.rottentomatoes.com/m/1019774-stagecoach
The Treasure of the Sierra Madre,1948,100,93.0,"western, adventure, drama",John Huston,2h 4m,http://www.rottentomatoes.com/m/treasure_of_the_sierra_madre
Totally Under Control,2020,99,85.0,documentary,"Alex Gibney, Ophelia Harutyunyan, Suzanne Hillinger",2h 3m,http://www.rottentomatoes.com/m/totally_under_control
Never Rarely Sometimes Always,2020,99,48.0,drama,Eliza Hittman,1h 41m,http://www.rottentomatoes.com/m/never_rarely_sometimes_always
Goldfinger,1964,99,89.0,action,Guy Hamilton,1h 52m,http://www.rottentomatoes.com/m/goldfinger
Shoplifters,2018,99,91.0,"crime, drama, adventure",Kore-Eda Hirokazu,2h 1m,http://www.rottentomatoes.com/m/shoplifters
The Umbrellas of Cherbourg,1964,99,87.0,"romance, musical",Jacques Demy,1h 31m,http://www.rottentomatoes.com/m/the_umbrellas_of_cherbourg_1964
Amazing Grace,2018,99,80.0,"music, documentary",Alan Elliott,1h 27m,http://www.rottentomatoes.com/m/amazing_grace_2018
How to Train Your Dragon,2010,99,91.0,"comedy, fantasy, animation, kids and family, adventure","Chris Sanders, Dean DeBlois",1h 38m,http://www.rottentomatoes.com/m/how_to_train_your_dragon
My Life as a Zucchini,2016,99,89.0,"comedy, drama, animation",Claude Barras,1h 6m,http://www.rottentomatoes.com/m/my_life_as_a_zucchini
Song of the Sea,2014,99,92.0,"animation, adventure, fantasy",Tomm Moore,1h 34m,http://www.rottentomatoes.com/m/song_of_the_sea_2014
The Battle of Algiers,1966,99,95.0,"drama, history, war",Gillo Pontecorvo,2h 5m,http://www.rottentomatoes.com/m/the_battle_of_algiers
Shoplifters,2018,99,91.0,"crime, drama, adventure",Kore-Eda Hirokazu,2h 1m,http://www.rottentomatoes.com/m/shoplifters
Song of the Sea,2014,99,92.0,"animation, adventure, fantasy",Tomm Moore,1h 34m,http://www.rottentomatoes.com/m/song_of_the_sea_2014
The Battle of Algiers,1966,99,95.0,"drama, history, war",Gillo Pontecorvo,2h 5m,http://www.rottentomatoes.com/m/the_battle_of_algiers
Knock Down the House,2019,99,10.0,documentary,Rachel Lears,1h 26m,http://www.rottentomatoes.com/m/knock_down_the_house
Jiro Dreams of Sushi,2011,99,91.0,documentary,David Gelb,1h 21m,http://www.rottentomatoes.com/m/jiro_dreams_of_sushi
The Missing Picture,2013,99,76.0,documentary,Rithy Panh,1h 30m,http://www.rottentomatoes.com/m/the_missing_picture
Chinatown,1974,99,93.0,"crime, drama",Roman Polanski,2h 11m,http://www.rottentomatoes.com/m/chinatown
Sunset Blvd.,1950,99,95.0,drama,Billy Wilder,1h 50m,http://www.rottentomatoes.com/m/sunset_boulevard
Saint Frances,2019,99,79.0,"comedy, drama",Alex Thompson,1h 46m,http://www.rottentomatoes.com/m/saint_frances
Faces Places,2017,99,89.0,documentary,"Agnès Varda, JR",1h 29m,http://www.rottentomatoes.com/m/faces_places
Collective,2019,99,92.0,documentary,Alexander Nanau,1h 49m,http://www.rottentomatoes.com/m/collective_2020
On the Record,2020,99,81.0,documentary,"Kirby Dick, Amy Ziering",1h 35m,http://www.rottentomatoes.com/m/on_the_record
The Interrupters,2011,99,82.0,"crime, drama, documentary",Steve James,2h 5m,http://www.rottentomatoes.com/m/the_interrupters_2011
The Umbrellas of Cherbourg,1964,99,87.0,"romance, musical",Jacques Demy,1h 31m,http://www.rottentomatoes.com/m/the_umbrellas_of_cherbourg_1964
The Cabinet of Dr. Caligari,1919,99,89.0,horror,Robert Wiene,1h 9m,http://www.rottentomatoes.com/m/the_cabinet_of_dr_caligari
The Third Man,1949,99,93.0,mystery and thriller,Carol Reed,1h 44m,http://www.rottentomatoes.com/m/the_third_man
My Life as a Zucchini,2016,99,89.0,"comedy, drama, animation",Claude Barras,1h 6m,http://www.rottentomatoes.com/m/my_life_as_a_zucchini
Things to Come,2016,99,71.0,drama,Mia Hansen-Løve,1h 41m,http://www.rottentomatoes.com/m/things_to_come_2016
The Cabinet of Dr. Caligari,1919,99,89.0,horror,Robert Wiene,1h 9m,http://www.rottentomatoes.com/m/the_cabinet_of_dr_caligari
Finding Nemo,2003,99,86.0,"kids and family, comedy, adventure, animation",Andrew Stanton,1h 40m,http://www.rottentomatoes.com/m/finding_nemo
Saint Frances,2019,99,79.0,"comedy, drama",Alex Thompson,1h 46m,http://www.rottentomatoes.com/m/saint_frances
L.A. Confidential,1997,99,94.0,"crime, drama",Curtis Hanson,2h 16m,http://www.rottentomatoes.com/m/la_confidential
Goldfinger,1964,99,89.0,action,Guy Hamilton,1h 52m,http://www.rottentomatoes.com/m/goldfinger
Shaun the Sheep Movie,2015,99,81.0,"kids and family, comedy, adventure, animation","Mark Burton, Richard Starzak",1h 25m,http://www.rottentomatoes.com/m/shaun_the_sheep_movie
Shaun the Sheep Movie,2015,99,81.0,"kids and family, comedy, adventure, animation","Mark Burton, Richard Starzak",1h 25m,http://www.rottentomatoes.com/m/shaun_the_sheep_movie
My Life as a Zucchini,2016,99,89.0,"comedy, drama, animation",Claude Barras,1h 6m,http://www.rottentomatoes.com/m/my_life_as_a_zucchini
Finding Nemo,2003,99,86.0,"kids and family, comedy, adventure, animation",Andrew Stanton,1h 40m,http://www.rottentomatoes.com/m/finding_nemo
How to Train Your Dragon,2010,99,91.0,"comedy, fantasy, animation, kids and family, adventure","Chris Sanders, Dean DeBlois",1h 38m,http://www.rottentomatoes.com/m/how_to_train_your_dragon
It Happened One Night,1934,99,93.0,romance,Frank Capra,1h 45m,http://www.rottentomatoes.com/m/it_happened_one_night
Lady Bird,2017,99,79.0,"comedy, drama",Greta Gerwig,1h 34m,http://www.rottentomatoes.com/m/lady_bird
Eighth Grade,2018,99,82.0,"comedy, drama",Bo Burnham,1h 33m,http://www.rottentomatoes.com/m/eighth_grade
Citizen Kane,1941,99,90.0,drama,Orson Welles,1h 59m,http://www.rottentomatoes.com/m/citizen_kane
Casablanca,1942,99,95.0,drama,Michael Curtiz,1h 42m,http://www.rottentomatoes.com/m/1003707-casablanca
On the Waterfront,1954,99,95.0,drama,Elia Kazan,1h 48m,http://www.rottentomatoes.com/m/on_the_waterfront
The Fight,2020,99,71.0,documentary,"Elyse Steinberg, Josh Kriegman, Eli Despres",1h 36m,http://www.rottentomatoes.com/m/the_fight_2020
Tower,2016,99,89.0,documentary,Keith Maitland,1h 38m,http://www.rottentomatoes.com/m/tower_2016
The Invisible War,2011,99,84.0,"crime, drama, documentary",Kirby Dick,1h 35m,http://www.rottentomatoes.com/m/the_invisible_war
56 Up,2012,99,76.0,documentary,"Michael Apted, Paul Almond",2h 23m,http://www.rottentomatoes.com/m/56_up
Elaine Stritch: Shoot Me,2013,99,79.0,documentary,Chiemi Karasawa,1h 26m,http://www.rottentomatoes.com/m/elaine_stritch_shoot_me_2013
20 Feet From Stardom,2013,99,82.0,documentary,Morgan Neville,1h 30m,http://www.rottentomatoes.com/m/20_feet_from_stardom
All About Eve,1950,99,94.0,drama,Joseph L. Mankiewicz,2h 18m,http://www.rottentomatoes.com/m/1000626-all_about_eve
It Happened One Night,1934,99,93.0,romance,Frank Capra,1h 45m,http://www.rottentomatoes.com/m/it_happened_one_night
Casablanca,1942,99,95.0,drama,Michael Curtiz,1h 42m,http://www.rottentomatoes.com/m/1003707-casablanca
On the Waterfront,1954,99,95.0,drama,Elia Kazan,1h 48m,http://www.rottentomatoes.com/m/on_the_waterfront
Finding Nemo,2003,99,86.0,"kids and family, comedy, adventure, animation",Andrew Stanton,1h 40m,http://www.rottentomatoes.com/m/finding_nemo
Elaine Stritch: Shoot Me,2013,99,79.0,documentary,Chiemi Karasawa,1h 26m,http://www.rottentomatoes.com/m/elaine_stritch_shoot_me_2013
Sunset Blvd.,1950,99,95.0,drama,Billy Wilder,1h 50m,http://www.rottentomatoes.com/m/sunset_boulevard
L.A. Confidential,1997,99,94.0,"crime, drama",Curtis Hanson,2h 16m,http://www.rottentomatoes.com/m/la_confidential
The Cabinet of Dr. Caligari,1919,99,89.0,horror,Robert Wiene,1h 9m,http://www.rottentomatoes.com/m/the_cabinet_of_dr_caligari
Selma,2014,99,86.0,"drama, history",Ava DuVernay,2h 8m,http://www.rottentomatoes.com/m/selma
Citizen Kane,1941,99,90.0,drama,Orson Welles,1h 59m,http://www.rottentomatoes.com/m/citizen_kane
Darbareye Elly,2009,99,84.0,"mystery and thriller, drama",Asghar Farhadi,1h 59m,http://www.rottentomatoes.com/m/about_elly
Gloria,2013,99,65.0,"drama, romance",Sebastián Lelio,1h 49m,http://www.rottentomatoes.com/m/gloria_2012
North by Northwest,1959,99,94.0,mystery and thriller,Alfred Hitchcock,2h 16m,http://www.rottentomatoes.com/m/north-by-northwest
Goldfinger,1964,99,89.0,action,Guy Hamilton,1h 52m,http://www.rottentomatoes.com/m/goldfinger
Lady Bird,2017,99,79.0,"comedy, drama",Greta Gerwig,1h 34m,http://www.rottentomatoes.com/m/lady_bird
Rivers and Tides: Andy Goldsworthy With Time,2001,99,90.0,documentary,Thomas Riedelsheimer,1h 30m,http://www.rottentomatoes.com/m/rivers_and_tides_andy_goldsworthy_working_with_time
All About Eve,1950,99,94.0,drama,Joseph L. Mankiewicz,2h 18m,http://www.rottentomatoes.com/m/1000626-all_about_eve
Jiro Dreams of Sushi,2011,99,91.0,documentary,David Gelb,1h 21m,http://www.rottentomatoes.com/m/jiro_dreams_of_sushi
The Interrupters,2011,99,82.0,"crime, drama, documentary",Steve James,2h 5m,http://www.rottentomatoes.com/m/the_interrupters_2011
Song of the Sea,2014,99,92.0,"animation, adventure, fantasy",Tomm Moore,1h 34m,http://www.rottentomatoes.com/m/song_of_the_sea_2014
Tower,2016,99,89.0,documentary,Keith Maitland,1h 38m,http://www.rottentomatoes.com/m/tower_2016
The Cabinet of Dr. Caligari,1919,99,89.0,horror,Robert Wiene,1h 9m,http://www.rottentomatoes.com/m/the_cabinet_of_dr_caligari
The Third Man,1949,99,93.0,mystery and thriller,Carol Reed,1h 44m,http://www.rottentomatoes.com/m/the_third_man
Jiro Dreams of Sushi,2011,99,91.0,documentary,David Gelb,1h 21m,http://www.rottentomatoes.com/m/jiro_dreams_of_sushi
North by Northwest,1959,99,94.0,mystery and thriller,Alfred Hitchcock,2h 16m,http://www.rottentomatoes.com/m/north-by-northwest
The Umbrellas of Cherbourg,1964,99,87.0,"romance, musical",Jacques Demy,1h 31m,http://www.rottentomatoes.com/m/the_umbrellas_of_cherbourg_1964
The Invisible War,2011,99,84.0,"crime, drama, documentary",Kirby Dick,1h 35m,http://www.rottentomatoes.com/m/the_invisible_war
56 Up,2012,99,76.0,documentary,"Michael Apted, Paul Almond",2h 23m,http://www.rottentomatoes.com/m/56_up
On the Waterfront,1954,99,95.0,drama,Elia Kazan,1h 48m,http://www.rottentomatoes.com/m/on_the_waterfront
Chinatown,1974,99,93.0,"crime, drama",Roman Polanski,2h 11m,http://www.rottentomatoes.com/m/chinatown
Bill Cunningham New York,2010,99,92.0,"drama, history, documentary, biography",Richard Press,1h 24m,http://www.rottentomatoes.com/m/bill_cunningham_new_york_2010
Chinatown,1974,99,93.0,"crime, drama",Roman Polanski,2h 11m,http://www.rottentomatoes.com/m/chinatown
How to Train Your Dragon,2010,99,91.0,"comedy, fantasy, animation, kids and family, adventure","Chris Sanders, Dean DeBlois",1h 38m,http://www.rottentomatoes.com/m/how_to_train_your_dragon
Bill Cunningham New York,2010,99,92.0,"drama, history, documentary, biography",Richard Press,1h 24m,http://www.rottentomatoes.com/m/bill_cunningham_new_york_2010
Rivers and Tides: Andy Goldsworthy With Time,2001,99,90.0,documentary,Thomas Riedelsheimer,1h 30m,http://www.rottentomatoes.com/m/rivers_and_tides_andy_goldsworthy_working_with_time
Moolaadé,2004,99,84.0,drama,Ousmane Sembene,2h 4m,http://www.rottentomatoes.com/m/moolaade
It Happened One Night,1934,99,93.0,romance,Frank Capra,1h 45m,http://www.rottentomatoes.com/m/it_happened_one_night
Citizen Kane,1941,99,90.0,drama,Orson Welles,1h 59m,http://www.rottentomatoes.com/m/citizen_kane
Casablanca,1942,99,95.0,drama,Michael Curtiz,1h 42m,http://www.rottentomatoes.com/m/1003707-casablanca
Faces Places,2017,99,89.0,documentary,"Agnès Varda, JR",1h 29m,http://www.rottentomatoes.com/m/faces_places
A Separation,2011,99,92.0,drama,Asghar Farhadi,2h 3m,http://www.rottentomatoes.com/m/a_separation_2011
I Am Not Your Negro,2016,99,83.0,documentary,Raoul Peck,1h 35m,http://www.rottentomatoes.com/m/i_am_not_your_negro
Apollo 11,2019,99,90.0,"drama, documentary, history",Todd Douglas Miller,1h 33m,http://www.rottentomatoes.com/m/apollo_11_2019
Amazing Grace,2018,99,80.0,"music, documentary",Alan Elliott,1h 27m,http://www.rottentomatoes.com/m/amazing_grace_2018
Ash Is Purest White,2018,99,69.0,"drama, romance",Jia Zhangke,2h 21m,http://www.rottentomatoes.com/m/ash_is_purest_white
20 Feet From Stardom,2013,99,82.0,documentary,Morgan Neville,1h 30m,http://www.rottentomatoes.com/m/20_feet_from_stardom
McQueen,2018,99,79.0,documentary,"Ian Bonhôte, Peter Ettedgui",1h 51m,http://www.rottentomatoes.com/m/mcqueen
The African Queen,1951,98,86.0,adventure,John Huston,1h 45m,http://www.rottentomatoes.com/m/the_african_queen_1951
In a Lonely Place,1950,98,89.0,drama,Nicholas Ray,1h 31m,http://www.rottentomatoes.com/m/in_a_lonely_place
Hoop Dreams,1994,98,93.0,"drama, documentary",Steve James,2h 54m,http://www.rottentomatoes.com/m/hoop_dreams
Assault on Precinct 13,1976,98,80.0,action,John Carpenter,1h 31m,http://www.rottentomatoes.com/m/1001280-assault_on_precinct_13
Sunrise,1927,98,92.0,"drama, romance",F.W. Murnau,1h 50m,http://www.rottentomatoes.com/m/sunrise
Blow the Man Down,2019,98,74.0,"comedy, drama","Bridget Savage Cole, Danielle Krudy",1h 30m,http://www.rottentomatoes.com/m/blow_the_man_down
Life Itself,2014,98,88.0,documentary,Steve James,2h,http://www.rottentomatoes.com/m/life_itself
Let the Right One In,2008,98,90.0,horror,Tomas Alfredson,1h 54m,http://www.rottentomatoes.com/m/let_the_right_one_in
The Babadook,2014,98,72.0,"mystery and thriller, horror",Jennifer Kent,1h 33m,http://www.rottentomatoes.com/m/the_babadook
Bride of Frankenstein,1935,98,87.0,horror,James Whale,1h 15m,http://www.rottentomatoes.com/m/bride_of_frankenstein
One Hundred and One Dalmatians,1961,98,76.0,"kids and family, comedy, adventure, animation","Wolfgang Reitherman, Hamilton S. Luske, Clyde Geronimi",1h 19m,http://www.rottentomatoes.com/m/101_dalmatians
Gun Crazy,1950,98,84.0,"crime, drama",Joseph H. Lewis,1h 27m,http://www.rottentomatoes.com/m/1031278-gun_crazy
The African Queen,1951,98,86.0,adventure,John Huston,1h 45m,http://www.rottentomatoes.com/m/the_african_queen_1951
Surfwise,2007,98,66.0,documentary,Doug Pray,1h 33m,http://www.rottentomatoes.com/m/surfwise
When We Were Kings,1996,98,94.0,documentary,Leon Gast,1h 24m,http://www.rottentomatoes.com/m/when_we_were_kings
Jaws,1975,98,90.0,"mystery and thriller, adventure, horror",Steven Spielberg,2h 4m,http://www.rottentomatoes.com/m/jaws
Zootopia,2016,98,92.0,"kids and family, comedy, adventure, animation","Byron Howard, Rich Moore",1h 48m,http://www.rottentomatoes.com/m/zootopia
Mary Poppins,1964,98,86.0,"kids and family, musical",Robert Stevenson,2h 20m,http://www.rottentomatoes.com/m/mary_poppins
Kiki's Delivery Service,1989,98,88.0,"kids and family, adventure, anime",Hayao Miyazaki,1h 43m,http://www.rottentomatoes.com/m/kikis_delivery_service
King Kong,1933,98,86.0,"adventure, fantasy","Merian C. Cooper, Ernest B. Schoedsack",1h 40m,http://www.rottentomatoes.com/m/1011615-king_kong
Up,2009,98,90.0,"adventure, kids and family, animation, comedy","Pete Docter, Bob Peterson",1h 29m,http://www.rottentomatoes.com/m/up
Bicycle Thieves,1948,98,94.0,drama,Vittorio De Sica,1h 30m,http://www.rottentomatoes.com/m/bicycle_thieves
Jaws,1975,98,90.0,"mystery and thriller, adventure, horror",Steven Spielberg,2h 4m,http://www.rottentomatoes.com/m/jaws
Deadwood: The Movie,2019,98,84.0,western,Daniel Minahan,1h 49m,http://www.rottentomatoes.com/m/deadwood_the_movie
The Road,1954,98,93.0,drama,Federico Fellini,1h 55m,http://www.rottentomatoes.com/m/the_road_1954
Ai Weiwei: Never Sorry,2012,98,87.0,documentary,Alison Klayman,1h 31m,http://www.rottentomatoes.com/m/ai_weiwei_never_sorry_2012
Jodorowsky's Dune,2013,98,89.0,documentary,Frank Pavich,1h 28m,http://www.rottentomatoes.com/m/jodorowskys_dune
"You, the Living",2007,98,80.0,drama,Roy Andersson,1h 35m,http://www.rottentomatoes.com/m/du_levande
Keep on Keepin' On,2014,98,88.0,documentary,Alan Hicks,1h 26m,http://www.rottentomatoes.com/m/keep_on_keepin_on
Beware of Mr. Baker,2012,98,87.0,documentary,Jay Bulger,1h 32m,http://www.rottentomatoes.com/m/beware_of_mr_baker
Homecoming: A Film by Beyoncé,2019,98,87.0,,Unknown Director,,http://www.rottentomatoes.com/m/homecoming_a_film_by_beyonce
Hairspray,1988,98,80.0,comedy,John Waters,1h 30m,http://www.rottentomatoes.com/m/1009096-hairspray
My Left Foot,1989,98,92.0,biography,Jim Sheridan,1h 43m,http://www.rottentomatoes.com/m/my_left_foot
Blue,1993,98,93.0,drama,Krzysztof Kieslowski,1h 37m,http://www.rottentomatoes.com/m/three_colors_blue
The Vanishing,1988,98,88.0,mystery and thriller,George Sluizer,1h 46m,http://www.rottentomatoes.com/m/the_vanishing
The Lady Vanishes,1938,98,88.0,mystery and thriller,Alfred Hitchcock,1h 37m,http://www.rottentomatoes.com/m/1011813-lady_vanishes
The Babadook,2014,98,72.0,"mystery and thriller, horror",Jennifer Kent,1h 33m,http://www.rottentomatoes.com/m/the_babadook
Hoop Dreams,1994,98,93.0,"drama, documentary",Steve James,2h 54m,http://www.rottentomatoes.com/m/hoop_dreams
A Streetcar Named Desire,1951,98,90.0,drama,Elia Kazan,2h 2m,http://www.rottentomatoes.com/m/1020333-streetcar_named_desire
Bride of Frankenstein,1935,98,87.0,horror,James Whale,1h 15m,http://www.rottentomatoes.com/m/bride_of_frankenstein
Alien,1979,98,94.0,"sci fi, horror",Ridley Scott,1h 57m,http://www.rottentomatoes.com/m/alien
The Wizard of Oz,1939,98,89.0,"kids and family, musical, fantasy",Victor Fleming,1h 41m,http://www.rottentomatoes.com/m/the_wizard_of_oz_1939
King Kong,1933,98,86.0,"adventure, fantasy","Merian C. Cooper, Ernest B. Schoedsack",1h 40m,http://www.rottentomatoes.com/m/1011615-king_kong
Snow White and the Seven Dwarfs,1937,98,78.0,"kids and family, animation, fantasy",David Hand,1h 20m,http://www.rottentomatoes.com/m/1048445-snow_white_and_the_seven_dwarfs
All Quiet on the Western Front,1930,98,89.0,war,Lewis Milestone,1h 45m,http://www.rottentomatoes.com/m/1000642-all_quiet_on_the_western_front
Invasion of the Body Snatchers,1956,98,85.0,"sci fi, horror",Don Siegel,1h 20m,http://www.rottentomatoes.com/m/1010678-invasion_of_the_body_snatchers
Dr. Strangelove Or: How I Learned to Stop Worrying and Love the Bomb,1964,98,94.0,comedy,Stanley Kubrick,1h 33m,http://www.rottentomatoes.com/m/dr_strangelove
The Loved Ones,2009,98,73.0,"mystery and thriller, horror",Sean Byrne,1h 24m,http://www.rottentomatoes.com/m/the_loved_ones_2012
Spontaneous,2020,98,70.0,"comedy, horror",Brian Duffield,1h 42m,http://www.rottentomatoes.com/m/spontaneous
La llorona,2019,98,61.0,"crime, drama, mystery and thriller, horror",Jayro Bustamante,1h 37m,http://www.rottentomatoes.com/m/la_llorona_2019
Jaws,1975,98,90.0,"mystery and thriller, adventure, horror",Steven Spielberg,2h 4m,http://www.rottentomatoes.com/m/jaws
Bride of Frankenstein,1935,98,87.0,horror,James Whale,1h 15m,http://www.rottentomatoes.com/m/bride_of_frankenstein
The Band's Visit,2007,98,86.0,"comedy, drama",Eran Kolirin,1h 26m,http://www.rottentomatoes.com/m/the_bands_visit
All About My Mother,1999,98,93.0,"comedy, drama",Pedro Almodóvar,1h 39m,http://www.rottentomatoes.com/m/all_about_my_mother
Timbuktu,2014,98,77.0,drama,Abderrahmane Sissako,1h 37m,http://www.rottentomatoes.com/m/timbuktu_2015
The Young Girls of Rochefort,1967,98,84.0,"romance, musical","Jacques Demy, Agnès Varda",2h 5m,http://www.rottentomatoes.com/m/the_young_girls_of_rochefort
Jodorowsky's Dune,2013,98,89.0,documentary,Frank Pavich,1h 28m,http://www.rottentomatoes.com/m/jodorowskys_dune
Murderball,2005,98,89.0,documentary,"Henry Alex Rubin, Dana Adam Shapiro",1h 25m,http://www.rottentomatoes.com/m/murderball
How to Survive a Plague,2012,98,82.0,"gay and lesbian, drama, history, documentary",David France,1h 50m,http://www.rottentomatoes.com/m/how_to_survive_a_plague
Your Name,2016,98,94.0,"romance, fantasy, anime",Makoto Shinkai,1h 46m,http://www.rottentomatoes.com/m/your_name_2017
One Hundred and One Dalmatians,1961,98,76.0,"kids and family, comedy, adventure, animation","Wolfgang Reitherman, Hamilton S. Luske, Clyde Geronimi",1h 19m,http://www.rottentomatoes.com/m/101_dalmatians
The War Tapes,2006,98,83.0,documentary,Deborah Scranton,1h 37m,http://www.rottentomatoes.com/m/war_tapes
Hoop Dreams,1994,98,93.0,"drama, documentary",Steve James,2h 54m,http://www.rottentomatoes.com/m/hoop_dreams
Paris Is Burning,1990,98,89.0,"gay and lesbian, documentary",Jennie Livingston,1h 18m,http://www.rottentomatoes.com/m/paris_is_burning
Inside Job,2010,98,91.0,documentary,Charles Ferguson,1h 48m,http://www.rottentomatoes.com/m/inside_job_2010
When We Were Kings,1996,98,94.0,documentary,Leon Gast,1h 24m,http://www.rottentomatoes.com/m/when_we_were_kings
How to Survive a Plague,2012,98,82.0,"gay and lesbian, drama, history, documentary",David France,1h 50m,http://www.rottentomatoes.com/m/how_to_survive_a_plague
Ai Weiwei: Never Sorry,2012,98,87.0,documentary,Alison Klayman,1h 31m,http://www.rottentomatoes.com/m/ai_weiwei_never_sorry_2012
The Lady Vanishes,1938,98,88.0,mystery and thriller,Alfred Hitchcock,1h 37m,http://www.rottentomatoes.com/m/1011813-lady_vanishes
The Passion of Joan of Arc,1928,98,93.0,"drama, history, biography",Carl Theodor Dreyer,1h 17m,http://www.rottentomatoes.com/m/passion_of_joan_of_arc
Sweet Smell of Success,1957,98,92.0,drama,Alexander Mackendrick,1h 36m,http://www.rottentomatoes.com/m/sweet_smell_of_success
The Wizard of Oz,1939,98,89.0,"kids and family, musical, fantasy",Victor Fleming,1h 41m,http://www.rottentomatoes.com/m/the_wizard_of_oz_1939
Mary Poppins,1964,98,86.0,"kids and family, musical",Robert Stevenson,2h 20m,http://www.rottentomatoes.com/m/mary_poppins
City Lights,1931,98,96.0,"comedy, drama, romance",Charles Chaplin,1h 27m,http://www.rottentomatoes.com/m/city_lights
Invasion of the Body Snatchers,1956,98,85.0,"sci fi, horror",Don Siegel,1h 20m,http://www.rottentomatoes.com/m/1010678-invasion_of_the_body_snatchers
Scarface,1932,98,86.0,"crime, drama",Howard Hawks,1h 33m,http://www.rottentomatoes.com/m/1018323-scarface
A Hard Day's Night,1964,98,89.0,"comedy, musical",Richard Lester,1h 23m,http://www.rottentomatoes.com/m/beatles_a_hard_days_night
Eyes Without a Face,1959,98,87.0,"drama, horror",Georges Franju,1h 24m,http://www.rottentomatoes.com/m/eyes_without_a_face_1962
Ikiru,1952,98,97.0,"gay and lesbian, drama",Akira Kurosawa,2h 23m,http://www.rottentomatoes.com/m/ikiru
Wings of Desire,1987,98,93.0,fantasy,Wim Wenders,2h 8m,http://www.rottentomatoes.com/m/wings_of_desire
My Beautiful Laundrette,1985,98,75.0,"comedy, drama, gay and lesbian",Stephen Frears,1h 37m,http://www.rottentomatoes.com/m/my_beautiful_laundrette
Ernest & Célestine,2014,98,88.0,,Vincent Patar,,http://www.rottentomatoes.com/m/ernest_and_celestine
Get Out,2017,98,86.0,"mystery and thriller, comedy, horror",Jordan Peele,1h 44m,http://www.rottentomatoes.com/m/get_out
Circus of Books,2019,98,81.0,"gay and lesbian, documentary, biography",Rachel Mason,1h 32m,http://www.rottentomatoes.com/m/circus_of_books
Portrait of a Lady on Fire,2019,98,92.0,"gay and lesbian, drama, history, romance",Céline Sciamma,2h 1m,http://www.rottentomatoes.com/m/portrait_of_a_lady_on_fire
Eyes Without a Face,1959,98,87.0,"drama, horror",Georges Franju,1h 24m,http://www.rottentomatoes.com/m/eyes_without_a_face_1962
Get Out,2017,98,86.0,"mystery and thriller, comedy, horror",Jordan Peele,1h 44m,http://www.rottentomatoes.com/m/get_out
Gentlemen Prefer Blondes,1953,98,83.0,"comedy, musical",Howard Hawks,1h 31m,http://www.rottentomatoes.com/m/gentlemen_prefer_blondes
The Lost Weekend,1945,98,90.0,drama,Billy Wilder,1h 41m,http://www.rottentomatoes.com/m/lost_weekend
His Girl Friday,1940,98,90.0,comedy,Howard Hawks,1h 32m,http://www.rottentomatoes.com/m/his_girl_friday
Let the Fire Burn,2012,98,90.0,"mystery and thriller, drama",Jason Osder,1h 28m,http://www.rottentomatoes.com/m/let_the_fire_burn_2013
All Quiet on the Western Front,1930,98,89.0,war,Lewis Milestone,1h 45m,http://www.rottentomatoes.com/m/1000642-all_quiet_on_the_western_front
Bullitt,1968,98,85.0,"crime, drama",Peter Yates,1h 53m,http://www.rottentomatoes.com/m/bullitt
Moonlight,2016,98,79.0,"gay and lesbian, drama",Barry Jenkins,1h 51m,http://www.rottentomatoes.com/m/moonlight_2016
City Lights,1931,98,96.0,"comedy, drama, romance",Charles Chaplin,1h 27m,http://www.rottentomatoes.com/m/city_lights
Long Way North,2015,98,76.0,"drama, adventure, animation",Rémi Chayé,1h 21m,http://www.rottentomatoes.com/m/long_way_north
Ernest & Célestine,2014,98,88.0,,Vincent Patar,,http://www.rottentomatoes.com/m/ernest_and_celestine
Kiki's Delivery Service,1989,98,88.0,"kids and family, adventure, anime",Hayao Miyazaki,1h 43m,http://www.rottentomatoes.com/m/kikis_delivery_service
The Thin Man,1934,98,94.0,"comedy, drama",W. S. Van Dyke,1h 33m,http://www.rottentomatoes.com/m/thin_man
Rashomon,1950,98,93.0,drama,Akira Kurosawa,1h 28m,http://www.rottentomatoes.com/m/rashomon
Dr. Strangelove Or: How I Learned to Stop Worrying and Love the Bomb,1964,98,94.0,comedy,Stanley Kubrick,1h 33m,http://www.rottentomatoes.com/m/dr_strangelove
Zootopia,2016,98,92.0,"kids and family, comedy, adventure, animation","Byron Howard, Rich Moore",1h 48m,http://www.rottentomatoes.com/m/zootopia
Snow White and the Seven Dwarfs,1937,98,78.0,"kids and family, animation, fantasy",David Hand,1h 20m,http://www.rottentomatoes.com/m/1048445-snow_white_and_the_seven_dwarfs
Anvil! The Story of Anvil,2008,98,91.0,documentary,Sacha Gervasi,1h 25m,http://www.rottentomatoes.com/m/anvil_the_story_of_anvil
The Young Girls of Rochefort,1967,98,84.0,"romance, musical","Jacques Demy, Agnès Varda",2h 5m,http://www.rottentomatoes.com/m/the_young_girls_of_rochefort
A Star Is Born,1954,98,81.0,musical,George Cukor,2h 56m,http://www.rottentomatoes.com/m/1019829-star_is_born
Mary Poppins,1964,98,86.0,"kids and family, musical",Robert Stevenson,2h 20m,http://www.rottentomatoes.com/m/mary_poppins
The Last Waltz,1978,98,94.0,documentary,Martin Scorsese,1h 57m,http://www.rottentomatoes.com/m/the_last_waltz_1978
David Byrne's American Utopia,2020,98,86.0,musical,Spike Lee,2h 15m,http://www.rottentomatoes.com/m/david_byrnes_american_utopia
Detour,1945,98,78.0,"crime, drama",Edgar G. Ulmer,1h 9m,http://www.rottentomatoes.com/m/detour
Nothing Like a Dame,2018,98,77.0,documentary,Roger Michell,1h 23m,http://www.rottentomatoes.com/m/tea_with_the_dames
Gentlemen Prefer Blondes,1953,98,83.0,"comedy, musical",Howard Hawks,1h 31m,http://www.rottentomatoes.com/m/gentlemen_prefer_blondes
A Hard Day's Night,1964,98,89.0,"comedy, musical",Richard Lester,1h 23m,http://www.rottentomatoes.com/m/beatles_a_hard_days_night
Gun Crazy,1950,98,84.0,"crime, drama",Joseph H. Lewis,1h 27m,http://www.rottentomatoes.com/m/1031278-gun_crazy
A Summer's Tale,1996,98,83.0,romance,Eric Rohmer,1h 53m,http://www.rottentomatoes.com/m/summers_tale
Zootopia,2016,98,92.0,"kids and family, comedy, adventure, animation","Byron Howard, Rich Moore",1h 48m,http://www.rottentomatoes.com/m/zootopia
Notorious,1946,98,91.0,mystery and thriller,Alfred Hitchcock,1h 43m,http://www.rottentomatoes.com/m/1015287-notorious
The French Connection,1971,98,87.0,"crime, drama, mystery and thriller",William Friedkin,1h 44m,http://www.rottentomatoes.com/m/french_connection
In a Lonely Place,1950,98,89.0,drama,Nicholas Ray,1h 31m,http://www.rottentomatoes.com/m/in_a_lonely_place
The African Queen,1951,98,86.0,adventure,John Huston,1h 45m,http://www.rottentomatoes.com/m/the_african_queen_1951
Snow White and the Seven Dwarfs,1937,98,78.0,"kids and family, animation, fantasy",David Hand,1h 20m,http://www.rottentomatoes.com/m/1048445-snow_white_and_the_seven_dwarfs
E.T. the Extra-Terrestrial,1982,98,72.0,"kids and family, adventure, sci fi",Steven Spielberg,1h 55m,http://www.rottentomatoes.com/m/et_the_extraterrestrial
Children of Paradise,1945,98,95.0,romance,Marcel Carné,3h 15m,http://www.rottentomatoes.com/m/children_of_paradise
8 1/2,1963,98,92.0,fantasy,Federico Fellini,2h 15m,http://www.rottentomatoes.com/m/8-12
Parasite,2019,98,90.0,"comedy, drama, mystery and thriller",Bong Joon-ho,2h 12m,http://www.rottentomatoes.com/m/parasite_2019
Mary Poppins,1964,98,86.0,"kids and family, musical",Robert Stevenson,2h 20m,http://www.rottentomatoes.com/m/mary_poppins
The Discreet Charm of the Bourgeoisie,1972,98,89.0,comedy,Luis Buñuel,1h 40m,http://www.rottentomatoes.com/m/discreet_charm_of_the_bourgeoisie
Before Midnight,2013,98,82.0,"drama, romance",Richard Linklater,1h 49m,http://www.rottentomatoes.com/m/before_midnight_2013
The Big Sick,2017,98,88.0,romance,Michael Showalter,2h,http://www.rottentomatoes.com/m/the_big_sick
Parasite,2019,98,90.0,"comedy, drama, mystery and thriller",Bong Joon-ho,2h 12m,http://www.rottentomatoes.com/m/parasite_2019
Disclosure,2020,98,87.0,documentary,Sam Feder,1h 40m,http://www.rottentomatoes.com/m/disclosure_2020_2
The War Tapes,2006,98,83.0,documentary,Deborah Scranton,1h 37m,http://www.rottentomatoes.com/m/war_tapes
Homecoming: A Film by Beyoncé,2019,98,87.0,,Unknown Director,,http://www.rottentomatoes.com/m/homecoming_a_film_by_beyonce
The Discreet Charm of the Bourgeoisie,1972,98,89.0,comedy,Luis Buñuel,1h 40m,http://www.rottentomatoes.com/m/discreet_charm_of_the_bourgeoisie
Dumbo,1941,98,70.0,"kids and family, animation, fantasy",Ben Sharpsteen,1h 4m,http://www.rottentomatoes.com/m/dumbo
Kiss Me Deadly,1955,98,84.0,"crime, drama",Robert Aldrich,1h 45m,http://www.rottentomatoes.com/m/kiss_me_deadly
One Hundred and One Dalmatians,1961,98,76.0,"kids and family, comedy, adventure, animation","Wolfgang Reitherman, Hamilton S. Luske, Clyde Geronimi",1h 19m,http://www.rottentomatoes.com/m/101_dalmatians
Mea Maxima Culpa: Silence in the House of God,2012,98,90.0,documentary,Alex Gibney,1h 47m,http://www.rottentomatoes.com/m/mea_maxima_culpa_silence_in_the_house_of_god
Call Me Kuchu,2012,98,89.0,"drama, documentary","Katherine Fairfax Wright, Malika Zouhali-Worrall",1h 27m,http://www.rottentomatoes.com/m/call_me_kuchu_2011
Dumbo,1941,98,70.0,"kids and family, animation, fantasy",Ben Sharpsteen,1h 4m,http://www.rottentomatoes.com/m/dumbo
His Girl Friday,1940,98,90.0,comedy,Howard Hawks,1h 32m,http://www.rottentomatoes.com/m/his_girl_friday
Marty,1955,98,87.0,drama,Delbert Mann,1h 31m,http://www.rottentomatoes.com/m/1013427-marty
Children of Paradise,1945,98,95.0,romance,Marcel Carné,3h 15m,http://www.rottentomatoes.com/m/children_of_paradise
Kiss Me Deadly,1955,98,84.0,"crime, drama",Robert Aldrich,1h 45m,http://www.rottentomatoes.com/m/kiss_me_deadly
One Hundred and One Dalmatians,1961,98,76.0,"kids and family, comedy, adventure, animation","Wolfgang Reitherman, Hamilton S. Luske, Clyde Geronimi",1h 19m,http://www.rottentomatoes.com/m/101_dalmatians
The Leopard,1963,98,89.0,"drama, history",Luchino Visconti,2h 45m,http://www.rottentomatoes.com/m/the_leopard_1963
Dr. Strangelove Or: How I Learned to Stop Worrying and Love the Bomb,1964,98,94.0,comedy,Stanley Kubrick,1h 33m,http://www.rottentomatoes.com/m/dr_strangelove
Toy Story 3,2010,98,90.0,"comedy, fantasy, animation, kids and family, adventure",Lee Unkrich,1h 42m,http://www.rottentomatoes.com/m/toy_story_3
Up,2009,98,90.0,"adventure, kids and family, animation, comedy","Pete Docter, Bob Peterson",1h 29m,http://www.rottentomatoes.com/m/up
My Beautiful Laundrette,1985,98,75.0,"comedy, drama, gay and lesbian",Stephen Frears,1h 37m,http://www.rottentomatoes.com/m/my_beautiful_laundrette
The Big Sick,2017,98,88.0,romance,Michael Showalter,2h,http://www.rottentomatoes.com/m/the_big_sick
The Young Girls of Rochefort,1967,98,84.0,"romance, musical","Jacques Demy, Agnès Varda",2h 5m,http://www.rottentomatoes.com/m/the_young_girls_of_rochefort
Invasion of the Body Snatchers,1956,98,85.0,"sci fi, horror",Don Siegel,1h 20m,http://www.rottentomatoes.com/m/1010678-invasion_of_the_body_snatchers
Strangers on a Train,1951,98,92.0,mystery and thriller,Alfred Hitchcock,1h 41m,http://www.rottentomatoes.com/m/strangers_on_a_train
The Vanishing,1988,98,88.0,mystery and thriller,George Sluizer,1h 46m,http://www.rottentomatoes.com/m/the_vanishing
Eyes Without a Face,1959,98,87.0,"drama, horror",Georges Franju,1h 24m,http://www.rottentomatoes.com/m/eyes_without_a_face_1962
The Thin Man,1934,98,94.0,"comedy, drama",W. S. Van Dyke,1h 33m,http://www.rottentomatoes.com/m/thin_man
Rashomon,1950,98,93.0,drama,Akira Kurosawa,1h 28m,http://www.rottentomatoes.com/m/rashomon
Apocalypse Now,1979,98,94.0,"drama, war",Francis Ford Coppola,2h 33m,http://www.rottentomatoes.com/m/apocalypse_now
Rashomon,1950,98,93.0,drama,Akira Kurosawa,1h 28m,http://www.rottentomatoes.com/m/rashomon
The Wrestler,2008,98,88.0,drama,Darren Aronofsky,1h 50m,http://www.rottentomatoes.com/m/the_wrestler
The Killing,1956,98,92.0,"crime, drama",Stanley Kubrick,1h 23m,http://www.rottentomatoes.com/m/killing
City Lights,1931,98,96.0,"comedy, drama, romance",Charles Chaplin,1h 27m,http://www.rottentomatoes.com/m/city_lights
Blue,1993,98,93.0,drama,Krzysztof Kieslowski,1h 37m,http://www.rottentomatoes.com/m/three_colors_blue
Say Anything...,1989,98,85.0,romance,Cameron Crowe,1h 40m,http://www.rottentomatoes.com/m/say_anything
Children of Paradise,1945,98,95.0,romance,Marcel Carné,3h 15m,http://www.rottentomatoes.com/m/children_of_paradise
Blow the Man Down,2019,98,74.0,"comedy, drama","Bridget Savage Cole, Danielle Krudy",1h 30m,http://www.rottentomatoes.com/m/blow_the_man_down
Mary Poppins,1964,98,86.0,"kids and family, musical",Robert Stevenson,2h 20m,http://www.rottentomatoes.com/m/mary_poppins
Don't Think Twice,2016,98,69.0,"comedy, drama",Mike Birbiglia,1h 28m,http://www.rottentomatoes.com/m/dont_think_twice
The Thin Man,1934,98,94.0,"comedy, drama",W. S. Van Dyke,1h 33m,http://www.rottentomatoes.com/m/thin_man
Iris,2014,98,80.0,"drama, history, documentary, biography",Albert Maysles,1h 23m,http://www.rottentomatoes.com/m/iris_2015
8 1/2,1963,98,92.0,fantasy,Federico Fellini,2h 15m,http://www.rottentomatoes.com/m/8-12
Song of the Road,1955,98,94.0,drama,Satyajit Ray,2h 6m,http://www.rottentomatoes.com/m/pather_panchali
Alien,1979,98,94.0,"sci fi, horror",Ridley Scott,1h 57m,http://www.rottentomatoes.com/m/alien
Werckmeister Harmonies,2000,98,91.0,drama,Béla Tarr,2h 25m,http://www.rottentomatoes.com/m/werckmeister_harmonies
A Fistful of Dollars,1964,98,91.0,western,Sergio Leone,1h 36m,http://www.rottentomatoes.com/m/fistful_of_dollars
The Passion of Joan of Arc,1928,98,93.0,"drama, history, biography",Carl Theodor Dreyer,1h 17m,http://www.rottentomatoes.com/m/passion_of_joan_of_arc
Let the Right One In,2008,98,90.0,horror,Tomas Alfredson,1h 54m,http://www.rottentomatoes.com/m/let_the_right_one_in
God's Own Country,2017,98,87.0,"gay and lesbian, drama, romance",Francis Lee,1h 44m,http://www.rottentomatoes.com/m/gods_own_country_2017
Playtime,1967,98,90.0,comedy,Jacques Tati,1h 33m,http://www.rottentomatoes.com/m/playtime
BPM (Beats Per Minute),2017,98,83.0,"gay and lesbian, drama",Robin Campillo,2h 23m,http://www.rottentomatoes.com/m/bpm
One Child Nation,2019,98,85.0,documentary,"Nanfu Wang, Jialing Zhang",1h 25m,http://www.rottentomatoes.com/m/one_child_nation
Paris Is Burning,1990,98,89.0,"gay and lesbian, documentary",Jennie Livingston,1h 18m,http://www.rottentomatoes.com/m/paris_is_burning
E.T. the Extra-Terrestrial,1982,98,72.0,"kids and family, adventure, sci fi",Steven Spielberg,1h 55m,http://www.rottentomatoes.com/m/et_the_extraterrestrial
Inside Out,2015,98,89.0,"kids and family, comedy, fantasy, animation",Pete Docter,1h 35m,http://www.rottentomatoes.com/m/inside_out_2015
The Wizard of Oz,1939,98,89.0,"kids and family, musical, fantasy",Victor Fleming,1h 41m,http://www.rottentomatoes.com/m/the_wizard_of_oz_1939
Inside Out,2015,98,89.0,"kids and family, comedy, fantasy, animation",Pete Docter,1h 35m,http://www.rottentomatoes.com/m/inside_out_2015
Bullitt,1968,98,85.0,"crime, drama",Peter Yates,1h 53m,http://www.rottentomatoes.com/m/bullitt
Surfwise,2007,98,66.0,documentary,Doug Pray,1h 33m,http://www.rottentomatoes.com/m/surfwise
Blindsight,2006,98,83.0,"adventure, documentary",Lucy Walker,1h 44m,http://www.rottentomatoes.com/m/blindsight
For the Bible Tells Me So,2007,98,90.0,"gay and lesbian, documentary",Daniel G. Karslake,1h 35m,http://www.rottentomatoes.com/m/for_the_bible_tells_me_so
Assault on Precinct 13,1976,98,80.0,action,John Carpenter,1h 31m,http://www.rottentomatoes.com/m/1001280-assault_on_precinct_13
A Fistful of Dollars,1964,98,91.0,western,Sergio Leone,1h 36m,http://www.rottentomatoes.com/m/fistful_of_dollars
His Girl Friday,1940,98,90.0,comedy,Howard Hawks,1h 32m,http://www.rottentomatoes.com/m/his_girl_friday
The Discreet Charm of the Bourgeoisie,1972,98,89.0,comedy,Luis Buñuel,1h 40m,http://www.rottentomatoes.com/m/discreet_charm_of_the_bourgeoisie
Wings of Desire,1987,98,93.0,fantasy,Wim Wenders,2h 8m,http://www.rottentomatoes.com/m/wings_of_desire
Your Name,2016,98,94.0,"romance, fantasy, anime",Makoto Shinkai,1h 46m,http://www.rottentomatoes.com/m/your_name_2017
The Hustler,1961,98,93.0,drama,Robert Rossen,2h 15m,http://www.rottentomatoes.com/m/hustler
Sunrise,1927,98,92.0,"drama, romance",F.W. Murnau,1h 50m,http://www.rottentomatoes.com/m/sunrise
Time,2020,98,49.0,documentary,Garrett Bradley,1h 21m,http://www.rottentomatoes.com/m/time_2020
Blackfish,2013,98,90.0,documentary,Gabriela Cowperthwaite,1h 23m,http://www.rottentomatoes.com/m/blackfish_2013
Playtime,1967,98,90.0,comedy,Jacques Tati,1h 33m,http://www.rottentomatoes.com/m/playtime
The Forty-Year-Old Version,2020,98,69.0,"drama, comedy, music",Radha Blank,2h 3m,http://www.rottentomatoes.com/m/the_forty_year_old_version
One Hundred and One Dalmatians,1961,98,76.0,"kids and family, comedy, adventure, animation","Wolfgang Reitherman, Hamilton S. Luske, Clyde Geronimi",1h 19m,http://www.rottentomatoes.com/m/101_dalmatians
Gentlemen Prefer Blondes,1953,98,83.0,"comedy, musical",Howard Hawks,1h 31m,http://www.rottentomatoes.com/m/gentlemen_prefer_blondes
In a Lonely Place,1950,98,89.0,drama,Nicholas Ray,1h 31m,http://www.rottentomatoes.com/m/in_a_lonely_place
The Player,1992,98,84.0,comedy,Robert Altman,2h 3m,http://www.rottentomatoes.com/m/player
Gentlemen Prefer Blondes,1953,98,83.0,"comedy, musical",Howard Hawks,1h 31m,http://www.rottentomatoes.com/m/gentlemen_prefer_blondes
The Lost Weekend,1945,98,90.0,drama,Billy Wilder,1h 41m,http://www.rottentomatoes.com/m/lost_weekend
God's Own Country,2017,98,87.0,"gay and lesbian, drama, romance",Francis Lee,1h 44m,http://www.rottentomatoes.com/m/gods_own_country_2017
Marty,1955,98,87.0,drama,Delbert Mann,1h 31m,http://www.rottentomatoes.com/m/1013427-marty
Up,2009,98,90.0,"adventure, kids and family, animation, comedy","Pete Docter, Bob Peterson",1h 29m,http://www.rottentomatoes.com/m/up
Snow White and the Seven Dwarfs,1937,98,78.0,"kids and family, animation, fantasy",David Hand,1h 20m,http://www.rottentomatoes.com/m/1048445-snow_white_and_the_seven_dwarfs
Alien,1979,98,94.0,"sci fi, horror",Ridley Scott,1h 57m,http://www.rottentomatoes.com/m/alien
A Streetcar Named Desire,1951,98,90.0,drama,Elia Kazan,2h 2m,http://www.rottentomatoes.com/m/1020333-streetcar_named_desire
The Babadook,2014,98,72.0,"mystery and thriller, horror",Jennifer Kent,1h 33m,http://www.rottentomatoes.com/m/the_babadook
Toy Story 3,2010,98,90.0,"comedy, fantasy, animation, kids and family, adventure",Lee Unkrich,1h 42m,http://www.rottentomatoes.com/m/toy_story_3
Up,2009,98,90.0,"adventure, kids and family, animation, comedy","Pete Docter, Bob Peterson",1h 29m,http://www.rottentomatoes.com/m/up
Toy Story 3,2010,98,90.0,"comedy, fantasy, animation, kids and family, adventure",Lee Unkrich,1h 42m,http://www.rottentomatoes.com/m/toy_story_3
Inside Job,2010,98,91.0,documentary,Charles Ferguson,1h 48m,http://www.rottentomatoes.com/m/inside_job_2010
King Kong,1933,98,86.0,"adventure, fantasy","Merian C. Cooper, Ernest B. Schoedsack",1h 40m,http://www.rottentomatoes.com/m/1011615-king_kong
Detour,1945,98,78.0,"crime, drama",Edgar G. Ulmer,1h 9m,http://www.rottentomatoes.com/m/detour
Notorious,1946,98,91.0,mystery and thriller,Alfred Hitchcock,1h 43m,http://www.rottentomatoes.com/m/1015287-notorious
The Conformist,1971,98,90.0,drama,Bernardo Bertolucci,1h 55m,http://www.rottentomatoes.com/m/the_conformist
Blackfish,2013,98,90.0,documentary,Gabriela Cowperthwaite,1h 23m,http://www.rottentomatoes.com/m/blackfish_2013
The Discreet Charm of the Bourgeoisie,1972,98,89.0,comedy,Luis Buñuel,1h 40m,http://www.rottentomatoes.com/m/discreet_charm_of_the_bourgeoisie
Life Itself,2014,98,88.0,documentary,Steve James,2h,http://www.rottentomatoes.com/m/life_itself
Bride of Frankenstein,1935,98,87.0,horror,James Whale,1h 15m,http://www.rottentomatoes.com/m/bride_of_frankenstein
Wings of Desire,1987,98,93.0,fantasy,Wim Wenders,2h 8m,http://www.rottentomatoes.com/m/wings_of_desire
Rashomon,1950,98,93.0,drama,Akira Kurosawa,1h 28m,http://www.rottentomatoes.com/m/rashomon
The Leopard,1963,98,89.0,"drama, history",Luchino Visconti,2h 45m,http://www.rottentomatoes.com/m/the_leopard_1963
Anvil! The Story of Anvil,2008,98,91.0,documentary,Sacha Gervasi,1h 25m,http://www.rottentomatoes.com/m/anvil_the_story_of_anvil
Broadcast News,1987,98,79.0,romance,James L. Brooks,2h 12m,http://www.rottentomatoes.com/m/broadcast_news
Jodorowsky's Dune,2013,98,89.0,documentary,Frank Pavich,1h 28m,http://www.rottentomatoes.com/m/jodorowskys_dune
Murderball,2005,98,89.0,documentary,"Henry Alex Rubin, Dana Adam Shapiro",1h 25m,http://www.rottentomatoes.com/m/murderball
